2026/10/04 19:51:23.471, 17 MiB, 24564 MiB, 0 %
2026/10/04 19:51:24.473, 17 MiB, 24564 MiB, 0 %
2026/10/04 19:51:25.473, 17 MiB, 24564 MiB, 0 %
2026/10/04 19:51:26.473, 17 MiB, 24564 MiB, 0 %
2026/10/04 19:51:27.474, 17 MiB, 24564 MiB, 0 %
2026/10/04 19:51:28.474, 17 MiB, 24564 MiB, 0 %
2026/10/04 19:51:29.474, 17 MiB, 24564 MiB, 0 %
2026/10/04 19:51:30.474, 17 MiB, 24564 MiB, 0 %
2026/10/04 19:51:31.475, 17 MiB, 24564 MiB, 0 %
2026/10/04 19:51:32.475, 17 MiB, 24564 MiB, 0 %
2026/10/04 19:51:33.475, 717 MiB, 24564 MiB, 0 %
2026/10/04 19:51:34.475, 749 MiB, 24564 MiB, 0 %
2026/10/04 19:51:35.475, 749 MiB, 24564 MiB, 0 %
2026/10/04 19:51:36.475, 749 MiB, 24564 MiB, 0 %
2026/10/04 19:51:37.476, 749 MiB, 24564 MiB, 0 %
2026/10/04 19:51:38.476, 749 MiB, 24564 MiB, 0 %
2026/10/04 19:51:39.476, 749 MiB, 24564 MiB, 0 %
2026/10/04 19:51:40.476, 749 MiB, 24564 MiB, 0 %
2026/10/04 19:51:41.476, 749 MiB, 24564 MiB, 0 %
2026/10/04 19:51:42.476, 749 MiB, 24564 MiB, 0 %
2026/10/04 19:51:43.476, 749 MiB, 24564 MiB, 0 %
2026/10/04 19:51:44.477, 749 MiB, 24564 MiB, 0 %
2026/10/04 19:51:45.477, 749 MiB, 24564 MiB, 0 %
2026/10/04 19:51:46.477, 749 MiB, 24564 MiB, 0 %
2026/10/04 19:51:47.477, 883 MiB, 24564 MiB, 0 %
2026/10/04 19:51:48.477, 1353 MiB, 24564 MiB, 0 %
2026/10/04 19:51:49.477, 1353 MiB, 24564 MiB, 0 %
2026/10/04 19:51:50.478, 1353 MiB, 24564 MiB, 0 %
2026/10/04 19:51:51.478, 1353 MiB, 24564 MiB, 0 %
2026/10/04 19:51:52.478, 1353 MiB, 24564 MiB, 0 %
2026/10/04 19:51:53.478, 1353 MiB, 24564 MiB, 0 %
2026/10/04 19:51:54.478, 1353 MiB, 24564 MiB, 0 %
2026/10/04 19:51:55.478, 1353 MiB, 24564 MiB, 0 %
2026/10/04 19:51:56.478, 1873 MiB, 24564 MiB, 0 %
2026/10/04 19:51:57.478, 2723 MiB, 24564 MiB, 1 %
2026/10/04 19:51:58.479, 2723 MiB, 24564 MiB, 0 %
2026/10/04 19:51:59.479, 2723 MiB, 24564 MiB, 0 %
2026/10/04 19:52:00.479, 2999 MiB, 24564 MiB, 5 %
2026/10/04 19:52:01.479, 4425 MiB, 24564 MiB, 2 %
2026/10/04 19:52:02.479, 7183 MiB, 24564 MiB, 0 %
2026/10/04 19:52:03.479, 7203 MiB, 24564 MiB, 1 %
2026/10/04 19:52:04.479, 7205 MiB, 24564 MiB, 1 %
2026/10/04 19:52:05.480, 7205 MiB, 24564 MiB, 0 %
2026/10/04 19:52:06.481, 7207 MiB, 24564 MiB, 0 %
2026/10/04 19:52:07.481, 7209 MiB, 24564 MiB, 1 %
2026/10/04 19:52:08.481, 7209 MiB, 24564 MiB, 1 %
2026/10/04 19:52:09.481, 7211 MiB, 24564 MiB, 1 %
2026/10/04 19:52:10.481, 7211 MiB, 24564 MiB, 0 %
2026/10/04 19:52:11.481, 7213 MiB, 24564 MiB, 1 %
2026/10/04 19:52:12.482, 7215 MiB, 24564 MiB, 1 %
2026/10/04 19:52:13.483, 7215 MiB, 24564 MiB, 0 %
2026/10/04 19:52:14.483, 7217 MiB, 24564 MiB, 0 %
2026/10/04 19:52:15.483, 7219 MiB, 24564 MiB, 0 %
2026/10/04 19:52:16.483, 7221 MiB, 24564 MiB, 0 %
2026/10/04 19:52:17.483, 7223 MiB, 24564 MiB, 0 %
2026/10/04 19:52:18.483, 7227 MiB, 24564 MiB, 0 %
2026/10/04 19:52:19.484, 7227 MiB, 24564 MiB, 0 %
2026/10/04 19:52:20.484, 7251 MiB, 24564 MiB, 0 %
2026/10/04 19:52:21.484, 7255 MiB, 24564 MiB, 0 %
2026/10/04 19:52:22.484, 7255 MiB, 24564 MiB, 0 %
2026/10/04 19:52:23.484, 7259 MiB, 24564 MiB, 0 %
2026/10/04 19:52:24.484, 7259 MiB, 24564 MiB, 0 %
2026/10/04 19:52:25.484, 7263 MiB, 24564 MiB, 0 %
2026/10/04 19:52:26.485, 7289 MiB, 24564 MiB, 0 %
2026/10/04 19:52:27.485, 7289 MiB, 24564 MiB, 0 %
2026/10/04 19:52:28.485, 7293 MiB, 24564 MiB, 0 %
2026/10/04 19:52:29.485, 7293 MiB, 24564 MiB, 0 %
2026/10/04 19:52:30.485, 7297 MiB, 24564 MiB, 0 %
2026/10/04 19:52:31.485, 7321 MiB, 24564 MiB, 0 %
2026/10/04 19:52:32.485, 7321 MiB, 24564 MiB, 0 %
2026/10/04 19:52:33.486, 7325 MiB, 24564 MiB, 0 %
2026/10/04 19:52:34.486, 7327 MiB, 24564 MiB, 0 %
2026/10/04 19:52:35.486, 7329 MiB, 24564 MiB, 0 %
2026/10/04 19:52:36.486, 7353 MiB, 24564 MiB, 0 %
2026/10/04 19:52:37.486, 7353 MiB, 24564 MiB, 0 %
2026/10/04 19:52:38.486, 7357 MiB, 24564 MiB, 0 %
2026/10/04 19:52:39.486, 7363 MiB, 24564 MiB, 0 %
2026/10/04 19:52:40.487, 7363 MiB, 24564 MiB, 0 %
2026/10/04 19:52:41.487, 7367 MiB, 24564 MiB, 0 %
2026/10/04 19:52:42.487, 7367 MiB, 24564 MiB, 0 %
2026/10/04 19:52:43.487, 7391 MiB, 24564 MiB, 0 %
2026/10/04 19:52:44.487, 7395 MiB, 24564 MiB, 0 %
2026/10/04 19:52:45.487, 7395 MiB, 24564 MiB, 0 %
2026/10/04 19:52:46.488, 7399 MiB, 24564 MiB, 0 %
2026/10/04 19:52:47.488, 7423 MiB, 24564 MiB, 0 %
2026/10/04 19:52:48.488, 7423 MiB, 24564 MiB, 0 %
2026/10/04 19:52:49.488, 7427 MiB, 24564 MiB, 0 %
2026/10/04 19:52:50.488, 7433 MiB, 24564 MiB, 0 %
2026/10/04 19:52:51.489, 7437 MiB, 24564 MiB, 0 %
2026/10/04 19:52:52.489, 7437 MiB, 24564 MiB, 0 %
2026/10/04 19:52:53.489, 7485 MiB, 24564 MiB, 0 %
2026/10/04 19:52:54.489, 7629 MiB, 24564 MiB, 0 %
2026/10/04 19:52:55.489, 8213 MiB, 24564 MiB, 0 %
2026/10/04 19:52:56.490, 8205 MiB, 24564 MiB, 1 %
2026/10/04 19:52:57.490, 8205 MiB, 24564 MiB, 0 %
2026/10/04 19:52:58.490, 9015 MiB, 24564 MiB, 0 %
2026/10/04 19:52:59.490, 9281 MiB, 24564 MiB, 7 %
2026/10/04 19:53:00.491, 13845 MiB, 24564 MiB, 25 %
2026/10/04 19:53:01.491, 13845 MiB, 24564 MiB, 0 %
2026/10/04 19:53:02.491, 13845 MiB, 24564 MiB, 5 %
2026/10/04 19:53:03.491, 15231 MiB, 24564 MiB, 76 %
2026/10/04 19:53:04.491, 15231 MiB, 24564 MiB, 79 %
2026/10/04 19:53:05.492, 15415 MiB, 24564 MiB, 79 %
2026/10/04 19:53:06.492, 15415 MiB, 24564 MiB, 74 %
2026/10/04 19:53:07.492, 15455 MiB, 24564 MiB, 84 %
2026/10/04 19:53:08.492, 15455 MiB, 24564 MiB, 82 %
2026/10/04 19:53:09.493, 15455 MiB, 24564 MiB, 81 %
2026/10/04 19:53:10.493, 19703 MiB, 24564 MiB, 75 %
2026/10/04 19:53:11.493, 21993 MiB, 24564 MiB, 99 %
2026/10/04 19:53:12.493, 22313 MiB, 24564 MiB, 79 %
2026/10/04 19:53:13.493, 22313 MiB, 24564 MiB, 81 %
2026/10/04 19:53:14.494, 22313 MiB, 24564 MiB, 81 %
2026/10/04 19:53:15.494, 22313 MiB, 24564 MiB, 83 %
2026/10/04 19:53:16.494, 22313 MiB, 24564 MiB, 83 %
2026/10/04 19:53:17.494, 22313 MiB, 24564 MiB, 81 %
2026/10/04 19:53:18.495, 22313 MiB, 24564 MiB, 77 %
2026/10/04 19:53:19.495, 22313 MiB, 24564 MiB, 81 %
2026/10/04 19:53:20.495, 22313 MiB, 24564 MiB, 81 %
2026/10/04 19:53:21.495, 22313 MiB, 24564 MiB, 80 %
2026/10/04 19:53:22.495, 22313 MiB, 24564 MiB, 75 %
2026/10/04 19:53:23.495, 22313 MiB, 24564 MiB, 81 %
2026/10/04 19:53:24.496, 22313 MiB, 24564 MiB, 81 %
2026/10/04 19:53:25.496, 22313 MiB, 24564 MiB, 84 %
2026/10/04 19:53:26.496, 22313 MiB, 24564 MiB, 83 %
2026/10/04 19:53:27.496, 22313 MiB, 24564 MiB, 82 %
2026/10/04 19:53:28.496, 22313 MiB, 24564 MiB, 82 %
2026/10/04 19:53:29.496, 22313 MiB, 24564 MiB, 82 %
2026/10/04 19:53:30.497, 22313 MiB, 24564 MiB, 82 %
2026/10/04 19:53:31.497, 22313 MiB, 24564 MiB, 80 %
2026/10/04 19:53:32.497, 22313 MiB, 24564 MiB, 84 %
2026/10/04 19:53:33.497, 22313 MiB, 24564 MiB, 81 %
2026/10/04 19:53:34.498, 22313 MiB, 24564 MiB, 85 %
2026/10/04 19:53:35.498, 22313 MiB, 24564 MiB, 82 %
2026/10/04 19:53:36.498, 22313 MiB, 24564 MiB, 80 %
2026/10/04 19:53:37.498, 22313 MiB, 24564 MiB, 81 %
2026/10/04 19:53:38.498, 22313 MiB, 24564 MiB, 75 %
2026/10/04 19:53:39.498, 22313 MiB, 24564 MiB, 80 %
2026/10/04 19:53:40.499, 22313 MiB, 24564 MiB, 84 %
2026/10/04 19:53:41.499, 22313 MiB, 24564 MiB, 84 %
2026/10/04 19:53:42.499, 22313 MiB, 24564 MiB, 83 %
2026/10/04 19:53:43.499, 22313 MiB, 24564 MiB, 83 %
2026/10/04 19:53:44.500, 22313 MiB, 24564 MiB, 81 %
2026/10/04 19:53:45.500, 22313 MiB, 24564 MiB, 81 %
2026/10/04 19:53:46.500, 22313 MiB, 24564 MiB, 82 %
2026/10/04 19:53:47.500, 22313 MiB, 24564 MiB, 75 %
2026/10/04 19:53:48.500, 22313 MiB, 24564 MiB, 83 %
2026/10/04 19:53:49.500, 22313 MiB, 24564 MiB, 85 %
2026/10/04 19:53:50.501, 22313 MiB, 24564 MiB, 82 %
2026/10/04 19:53:51.501, 22313 MiB, 24564 MiB, 80 %
2026/10/04 19:53:52.501, 22313 MiB, 24564 MiB, 81 %
2026/10/04 19:53:53.501, 22313 MiB, 24564 MiB, 79 %
2026/10/04 19:53:54.502, 22313 MiB, 24564 MiB, 81 %
2026/10/04 19:53:55.502, 22313 MiB, 24564 MiB, 85 %
2026/10/04 19:53:56.502, 22313 MiB, 24564 MiB, 83 %
2026/10/04 19:53:57.502, 22313 MiB, 24564 MiB, 80 %
2026/10/04 19:53:58.502, 22313 MiB, 24564 MiB, 84 %
2026/10/04 19:53:59.503, 22313 MiB, 24564 MiB, 78 %
2026/10/04 19:54:00.503, 22313 MiB, 24564 MiB, 81 %
2026/10/04 19:54:01.503, 22313 MiB, 24564 MiB, 83 %
2026/10/04 19:54:02.503, 22313 MiB, 24564 MiB, 84 %
2026/10/04 19:54:03.503, 22313 MiB, 24564 MiB, 81 %
2026/10/04 19:54:04.504, 22313 MiB, 24564 MiB, 79 %
2026/10/04 19:54:05.504, 22313 MiB, 24564 MiB, 82 %
2026/10/04 19:54:06.504, 22313 MiB, 24564 MiB, 82 %
2026/10/04 19:54:07.504, 22313 MiB, 24564 MiB, 84 %
2026/10/04 19:54:08.505, 22313 MiB, 24564 MiB, 80 %
2026/10/04 19:54:09.505, 22313 MiB, 24564 MiB, 81 %
2026/10/04 19:54:10.505, 22313 MiB, 24564 MiB, 82 %
2026/10/04 19:54:11.506, 22313 MiB, 24564 MiB, 86 %
2026/10/04 19:54:12.506, 22313 MiB, 24564 MiB, 82 %
2026/10/04 19:54:13.506, 22313 MiB, 24564 MiB, 83 %
2026/10/04 19:54:14.506, 22313 MiB, 24564 MiB, 85 %
2026/10/04 19:54:15.506, 22313 MiB, 24564 MiB, 80 %
2026/10/04 19:54:16.506, 22313 MiB, 24564 MiB, 82 %
2026/10/04 19:54:17.507, 22313 MiB, 24564 MiB, 85 %
2026/10/04 19:54:18.507, 22313 MiB, 24564 MiB, 83 %
2026/10/04 19:54:19.507, 22313 MiB, 24564 MiB, 82 %
2026/10/04 19:54:20.507, 22313 MiB, 24564 MiB, 68 %
2026/10/04 19:54:21.507, 22313 MiB, 24564 MiB, 80 %
2026/10/04 19:54:22.507, 22313 MiB, 24564 MiB, 86 %
2026/10/04 19:54:23.508, 22313 MiB, 24564 MiB, 82 %
2026/10/04 19:54:24.508, 22313 MiB, 24564 MiB, 82 %
2026/10/04 19:54:25.508, 22313 MiB, 24564 MiB, 82 %
2026/10/04 19:54:26.508, 22313 MiB, 24564 MiB, 78 %
2026/10/04 19:54:27.508, 22313 MiB, 24564 MiB, 83 %
2026/10/04 19:54:28.508, 22313 MiB, 24564 MiB, 83 %
2026/10/04 19:54:29.509, 22313 MiB, 24564 MiB, 84 %
2026/10/04 19:54:30.509, 22313 MiB, 24564 MiB, 80 %
2026/10/04 19:54:31.509, 22313 MiB, 24564 MiB, 80 %
2026/10/04 19:54:32.509, 22313 MiB, 24564 MiB, 80 %
2026/10/04 19:54:33.509, 22313 MiB, 24564 MiB, 82 %
2026/10/04 19:54:34.509, 22313 MiB, 24564 MiB, 80 %
2026/10/04 19:54:35.510, 22313 MiB, 24564 MiB, 82 %
2026/10/04 19:54:36.510, 22313 MiB, 24564 MiB, 83 %
2026/10/04 19:54:37.510, 22313 MiB, 24564 MiB, 84 %
2026/10/04 19:54:38.510, 22313 MiB, 24564 MiB, 82 %
2026/10/04 19:54:39.510, 22313 MiB, 24564 MiB, 79 %
2026/10/04 19:54:40.510, 22313 MiB, 24564 MiB, 75 %
2026/10/04 19:54:41.511, 22313 MiB, 24564 MiB, 86 %
2026/10/04 19:54:42.511, 22313 MiB, 24564 MiB, 82 %
2026/10/04 19:54:43.511, 22313 MiB, 24564 MiB, 85 %
2026/10/04 19:54:44.511, 22313 MiB, 24564 MiB, 84 %
2026/10/04 19:54:45.511, 22313 MiB, 24564 MiB, 81 %
2026/10/04 19:54:46.511, 22313 MiB, 24564 MiB, 86 %
2026/10/04 19:54:47.512, 22313 MiB, 24564 MiB, 83 %
2026/10/04 19:54:48.512, 22313 MiB, 24564 MiB, 80 %
2026/10/04 19:54:49.512, 22313 MiB, 24564 MiB, 84 %
2026/10/04 19:54:50.512, 22313 MiB, 24564 MiB, 85 %
2026/10/04 19:54:51.512, 22313 MiB, 24564 MiB, 85 %
2026/10/04 19:54:52.512, 22313 MiB, 24564 MiB, 84 %
2026/10/04 19:54:53.512, 22313 MiB, 24564 MiB, 82 %
2026/10/04 19:54:54.513, 22313 MiB, 24564 MiB, 82 %
2026/10/04 19:54:55.513, 22313 MiB, 24564 MiB, 85 %
2026/10/04 19:54:56.513, 22313 MiB, 24564 MiB, 85 %
2026/10/04 19:54:57.513, 22313 MiB, 24564 MiB, 80 %
2026/10/04 19:54:58.513, 22313 MiB, 24564 MiB, 77 %
2026/10/04 19:54:59.513, 22313 MiB, 24564 MiB, 83 %
2026/10/04 19:55:00.514, 22313 MiB, 24564 MiB, 80 %
2026/10/04 19:55:01.514, 22313 MiB, 24564 MiB, 85 %
2026/10/04 19:55:02.514, 22313 MiB, 24564 MiB, 88 %
2026/10/04 19:55:03.514, 22313 MiB, 24564 MiB, 80 %
2026/10/04 19:55:04.514, 22313 MiB, 24564 MiB, 77 %
2026/10/04 19:55:05.515, 22313 MiB, 24564 MiB, 83 %
2026/10/04 19:55:06.515, 22313 MiB, 24564 MiB, 81 %
2026/10/04 19:55:07.515, 22313 MiB, 24564 MiB, 85 %
2026/10/04 19:55:08.515, 22313 MiB, 24564 MiB, 84 %
2026/10/04 19:55:09.515, 22313 MiB, 24564 MiB, 82 %
2026/10/04 19:55:10.515, 22313 MiB, 24564 MiB, 84 %
2026/10/04 19:55:11.516, 22313 MiB, 24564 MiB, 82 %
2026/10/04 19:55:12.516, 22313 MiB, 24564 MiB, 83 %
2026/10/04 19:55:13.516, 22313 MiB, 24564 MiB, 83 %
2026/10/04 19:55:14.516, 22313 MiB, 24564 MiB, 81 %
2026/10/04 19:55:15.516, 22313 MiB, 24564 MiB, 79 %
2026/10/04 19:55:16.516, 22313 MiB, 24564 MiB, 82 %
2026/10/04 19:55:17.517, 22313 MiB, 24564 MiB, 85 %
2026/10/04 19:55:18.517, 22313 MiB, 24564 MiB, 84 %
2026/10/04 19:55:19.517, 22313 MiB, 24564 MiB, 83 %
2026/10/04 19:55:20.517, 22313 MiB, 24564 MiB, 80 %
2026/10/04 19:55:21.517, 22313 MiB, 24564 MiB, 82 %
2026/10/04 19:55:22.518, 22313 MiB, 24564 MiB, 82 %
2026/10/04 19:55:23.518, 22313 MiB, 24564 MiB, 84 %
2026/10/04 19:55:24.518, 22313 MiB, 24564 MiB, 82 %
2026/10/04 19:55:25.518, 22313 MiB, 24564 MiB, 86 %
2026/10/04 19:55:26.518, 22313 MiB, 24564 MiB, 85 %
2026/10/04 19:55:27.518, 22313 MiB, 24564 MiB, 81 %
2026/10/04 19:55:28.518, 22313 MiB, 24564 MiB, 84 %
2026/10/04 19:55:29.519, 22313 MiB, 24564 MiB, 80 %
2026/10/04 19:55:30.519, 22313 MiB, 24564 MiB, 80 %
2026/10/04 19:55:31.519, 22313 MiB, 24564 MiB, 84 %
2026/10/04 19:55:32.519, 22313 MiB, 24564 MiB, 85 %
2026/10/04 19:55:33.519, 22313 MiB, 24564 MiB, 85 %
2026/10/04 19:55:34.519, 22313 MiB, 24564 MiB, 83 %
2026/10/04 19:55:35.520, 22313 MiB, 24564 MiB, 81 %
2026/10/04 19:55:36.520, 22313 MiB, 24564 MiB, 81 %
2026/10/04 19:55:37.520, 22313 MiB, 24564 MiB, 84 %
2026/10/04 19:55:38.520, 22313 MiB, 24564 MiB, 84 %
2026/10/04 19:55:39.520, 22313 MiB, 24564 MiB, 83 %
2026/10/04 19:55:40.520, 22313 MiB, 24564 MiB, 86 %
2026/10/04 19:55:41.521, 22313 MiB, 24564 MiB, 85 %
2026/10/04 19:55:42.521, 22313 MiB, 24564 MiB, 81 %
2026/10/04 19:55:43.521, 22313 MiB, 24564 MiB, 83 %
2026/10/04 19:55:44.521, 22313 MiB, 24564 MiB, 82 %
2026/10/04 19:55:45.521, 22313 MiB, 24564 MiB, 82 %
2026/10/04 19:55:46.522, 22313 MiB, 24564 MiB, 81 %
2026/10/04 19:55:47.522, 22313 MiB, 24564 MiB, 82 %
2026/10/04 19:55:48.522, 22313 MiB, 24564 MiB, 81 %
2026/10/04 19:55:49.522, 22313 MiB, 24564 MiB, 85 %
2026/10/04 19:55:50.522, 22313 MiB, 24564 MiB, 84 %
2026/10/04 19:55:51.522, 22313 MiB, 24564 MiB, 81 %
2026/10/04 19:55:52.523, 22313 MiB, 24564 MiB, 84 %
2026/10/04 19:55:53.523, 22313 MiB, 24564 MiB, 84 %
2026/10/04 19:55:54.523, 22313 MiB, 24564 MiB, 81 %
2026/10/04 19:55:55.523, 22313 MiB, 24564 MiB, 81 %
2026/10/04 19:55:56.523, 22313 MiB, 24564 MiB, 84 %
2026/10/04 19:55:57.523, 22313 MiB, 24564 MiB, 81 %
2026/10/04 19:55:58.524, 22313 MiB, 24564 MiB, 86 %
2026/10/04 19:55:59.524, 22313 MiB, 24564 MiB, 85 %
2026/10/04 19:56:00.524, 22313 MiB, 24564 MiB, 81 %
2026/10/04 19:56:01.524, 22313 MiB, 24564 MiB, 84 %
2026/10/04 19:56:02.524, 22313 MiB, 24564 MiB, 83 %
2026/10/04 19:56:03.525, 22313 MiB, 24564 MiB, 82 %
2026/10/04 19:56:04.525, 22313 MiB, 24564 MiB, 85 %
2026/10/04 19:56:05.525, 22313 MiB, 24564 MiB, 86 %
2026/10/04 19:56:06.525, 22313 MiB, 24564 MiB, 78 %
2026/10/04 19:56:07.525, 22313 MiB, 24564 MiB, 83 %
2026/10/04 19:56:08.525, 22313 MiB, 24564 MiB, 83 %
2026/10/04 19:56:09.526, 22313 MiB, 24564 MiB, 72 %
2026/10/04 19:56:10.526, 22313 MiB, 24564 MiB, 81 %
2026/10/04 19:56:11.526, 22313 MiB, 24564 MiB, 85 %
2026/10/04 19:56:12.526, 22313 MiB, 24564 MiB, 82 %
2026/10/04 19:56:13.526, 22313 MiB, 24564 MiB, 84 %
2026/10/04 19:56:14.526, 22313 MiB, 24564 MiB, 79 %
2026/10/04 19:56:15.527, 22313 MiB, 24564 MiB, 81 %
2026/10/04 19:56:16.527, 22313 MiB, 24564 MiB, 80 %
2026/10/04 19:56:17.527, 22313 MiB, 24564 MiB, 84 %
2026/10/04 19:56:18.527, 22313 MiB, 24564 MiB, 79 %
2026/10/04 19:56:19.527, 22313 MiB, 24564 MiB, 75 %
2026/10/04 19:56:20.528, 22313 MiB, 24564 MiB, 84 %
2026/10/04 19:56:21.528, 22313 MiB, 24564 MiB, 84 %
2026/10/04 19:56:22.528, 22313 MiB, 24564 MiB, 85 %
2026/10/04 19:56:23.528, 22313 MiB, 24564 MiB, 83 %
2026/10/04 19:56:24.528, 22313 MiB, 24564 MiB, 81 %
2026/10/04 19:56:25.529, 22313 MiB, 24564 MiB, 81 %
2026/10/04 19:56:26.529, 22313 MiB, 24564 MiB, 83 %
2026/10/04 19:56:27.529, 22313 MiB, 24564 MiB, 81 %
2026/10/04 19:56:28.529, 22313 MiB, 24564 MiB, 84 %
2026/10/04 19:56:29.529, 22313 MiB, 24564 MiB, 83 %
2026/10/04 19:56:30.529, 22313 MiB, 24564 MiB, 82 %
2026/10/04 19:56:31.530, 22313 MiB, 24564 MiB, 81 %
2026/10/04 19:56:32.530, 22313 MiB, 24564 MiB, 76 %
2026/10/04 19:56:33.530, 22313 MiB, 24564 MiB, 80 %
2026/10/04 19:56:34.530, 22313 MiB, 24564 MiB, 79 %
2026/10/04 19:56:35.530, 22313 MiB, 24564 MiB, 79 %
2026/10/04 19:56:36.530, 22313 MiB, 24564 MiB, 79 %
2026/10/04 19:56:37.531, 22313 MiB, 24564 MiB, 81 %
2026/10/04 19:56:38.531, 22313 MiB, 24564 MiB, 77 %
2026/10/04 19:56:39.531, 22313 MiB, 24564 MiB, 79 %
2026/10/04 19:56:40.531, 22313 MiB, 24564 MiB, 79 %
2026/10/04 19:56:41.531, 22313 MiB, 24564 MiB, 82 %
2026/10/04 19:56:42.531, 22313 MiB, 24564 MiB, 82 %
2026/10/04 19:56:43.532, 22313 MiB, 24564 MiB, 82 %
2026/10/04 19:56:44.532, 22313 MiB, 24564 MiB, 82 %
2026/10/04 19:56:45.532, 22313 MiB, 24564 MiB, 81 %
2026/10/04 19:56:46.532, 22313 MiB, 24564 MiB, 83 %
2026/10/04 19:56:47.532, 22313 MiB, 24564 MiB, 83 %
2026/10/04 19:56:48.533, 22313 MiB, 24564 MiB, 81 %
2026/10/04 19:56:49.533, 22313 MiB, 24564 MiB, 83 %
2026/10/04 19:56:50.533, 22313 MiB, 24564 MiB, 78 %
2026/10/04 19:56:51.533, 22313 MiB, 24564 MiB, 77 %
2026/10/04 19:56:52.533, 22313 MiB, 24564 MiB, 82 %
2026/10/04 19:56:53.533, 22313 MiB, 24564 MiB, 82 %
2026/10/04 19:56:54.534, 22313 MiB, 24564 MiB, 77 %
2026/10/04 19:56:55.534, 22313 MiB, 24564 MiB, 78 %
2026/10/04 19:56:56.534, 22313 MiB, 24564 MiB, 81 %
2026/10/04 19:56:57.534, 22313 MiB, 24564 MiB, 82 %
2026/10/04 19:56:58.535, 22313 MiB, 24564 MiB, 84 %
2026/10/04 19:56:59.535, 22313 MiB, 24564 MiB, 87 %
2026/10/04 19:57:00.535, 22313 MiB, 24564 MiB, 85 %
2026/10/04 19:57:01.535, 22313 MiB, 24564 MiB, 80 %
2026/10/04 19:57:02.535, 22313 MiB, 24564 MiB, 83 %
2026/10/04 19:57:03.536, 22313 MiB, 24564 MiB, 80 %
2026/10/04 19:57:04.536, 22313 MiB, 24564 MiB, 82 %
2026/10/04 19:57:05.536, 22313 MiB, 24564 MiB, 83 %
2026/10/04 19:57:06.536, 22313 MiB, 24564 MiB, 81 %
2026/10/04 19:57:07.536, 22313 MiB, 24564 MiB, 80 %
2026/10/04 19:57:08.537, 22313 MiB, 24564 MiB, 80 %
2026/10/04 19:57:09.537, 22313 MiB, 24564 MiB, 80 %
2026/10/04 19:57:10.537, 22313 MiB, 24564 MiB, 81 %
2026/10/04 19:57:11.537, 22313 MiB, 24564 MiB, 82 %
2026/10/04 19:57:12.537, 22313 MiB, 24564 MiB, 83 %
2026/10/04 19:57:13.537, 22313 MiB, 24564 MiB, 82 %
2026/10/04 19:57:14.538, 22313 MiB, 24564 MiB, 83 %
2026/10/04 19:57:15.538, 22313 MiB, 24564 MiB, 84 %
2026/10/04 19:57:16.538, 22313 MiB, 24564 MiB, 87 %
2026/10/04 19:57:17.538, 22313 MiB, 24564 MiB, 85 %
2026/10/04 19:57:18.538, 22313 MiB, 24564 MiB, 81 %
2026/10/04 19:57:19.538, 22313 MiB, 24564 MiB, 82 %
2026/10/04 19:57:20.539, 22313 MiB, 24564 MiB, 84 %
2026/10/04 19:57:21.539, 22313 MiB, 24564 MiB, 81 %
2026/10/04 19:57:22.539, 22313 MiB, 24564 MiB, 83 %
2026/10/04 19:57:23.539, 22313 MiB, 24564 MiB, 82 %
2026/10/04 19:57:24.539, 22313 MiB, 24564 MiB, 82 %
2026/10/04 19:57:25.539, 22313 MiB, 24564 MiB, 79 %
2026/10/04 19:57:26.540, 22313 MiB, 24564 MiB, 82 %
2026/10/04 19:57:27.540, 22313 MiB, 24564 MiB, 76 %
2026/10/04 19:57:28.540, 22313 MiB, 24564 MiB, 75 %
2026/10/04 19:57:29.540, 22313 MiB, 24564 MiB, 79 %
2026/10/04 19:57:30.540, 22313 MiB, 24564 MiB, 80 %
2026/10/04 19:57:31.541, 22313 MiB, 24564 MiB, 80 %
2026/10/04 19:57:32.541, 22313 MiB, 24564 MiB, 80 %
2026/10/04 19:57:33.541, 22313 MiB, 24564 MiB, 81 %
2026/10/04 19:57:34.541, 22313 MiB, 24564 MiB, 83 %
2026/10/04 19:57:35.541, 22313 MiB, 24564 MiB, 80 %
2026/10/04 19:57:36.542, 22313 MiB, 24564 MiB, 81 %
2026/10/04 19:57:37.542, 22313 MiB, 24564 MiB, 83 %
2026/10/04 19:57:38.542, 22313 MiB, 24564 MiB, 82 %
2026/10/04 19:57:39.542, 22313 MiB, 24564 MiB, 81 %
2026/10/04 19:57:40.542, 22313 MiB, 24564 MiB, 80 %
2026/10/04 19:57:41.543, 22313 MiB, 24564 MiB, 81 %
2026/10/04 19:57:42.543, 22313 MiB, 24564 MiB, 80 %
2026/10/04 19:57:43.543, 22313 MiB, 24564 MiB, 79 %
2026/10/04 19:57:44.543, 22313 MiB, 24564 MiB, 80 %
2026/10/04 19:57:45.543, 22313 MiB, 24564 MiB, 79 %
2026/10/04 19:57:46.544, 22313 MiB, 24564 MiB, 80 %
2026/10/04 19:57:47.544, 22313 MiB, 24564 MiB, 81 %
2026/10/04 19:57:48.544, 22313 MiB, 24564 MiB, 79 %
2026/10/04 19:57:49.544, 22313 MiB, 24564 MiB, 82 %
2026/10/04 19:57:50.545, 22313 MiB, 24564 MiB, 76 %
2026/10/04 19:57:51.545, 22313 MiB, 24564 MiB, 75 %
2026/10/04 19:57:52.545, 22313 MiB, 24564 MiB, 81 %
2026/10/04 19:57:53.545, 22313 MiB, 24564 MiB, 82 %
2026/10/04 19:57:54.546, 22313 MiB, 24564 MiB, 80 %
2026/10/04 19:57:55.546, 22313 MiB, 24564 MiB, 79 %
2026/10/04 19:57:56.546, 22313 MiB, 24564 MiB, 77 %
2026/10/04 19:57:57.546, 22313 MiB, 24564 MiB, 78 %
2026/10/04 19:57:58.546, 22313 MiB, 24564 MiB, 80 %
2026/10/04 19:57:59.546, 22313 MiB, 24564 MiB, 83 %
2026/10/04 19:58:00.546, 22313 MiB, 24564 MiB, 83 %
2026/10/04 19:58:01.547, 22313 MiB, 24564 MiB, 81 %
2026/10/04 19:58:02.547, 22313 MiB, 24564 MiB, 80 %
2026/10/04 19:58:03.547, 22313 MiB, 24564 MiB, 80 %
2026/10/04 19:58:04.547, 22313 MiB, 24564 MiB, 79 %
2026/10/04 19:58:05.548, 22313 MiB, 24564 MiB, 78 %
2026/10/04 19:58:06.548, 22313 MiB, 24564 MiB, 78 %
2026/10/04 19:58:07.548, 22313 MiB, 24564 MiB, 80 %
2026/10/04 19:58:08.548, 22313 MiB, 24564 MiB, 79 %
2026/10/04 19:58:09.548, 22313 MiB, 24564 MiB, 75 %
2026/10/04 19:58:10.548, 22313 MiB, 24564 MiB, 77 %
2026/10/04 19:58:11.549, 22313 MiB, 24564 MiB, 79 %
2026/10/04 19:58:12.549, 22313 MiB, 24564 MiB, 81 %
2026/10/04 19:58:13.549, 22313 MiB, 24564 MiB, 83 %
2026/10/04 19:58:14.549, 22313 MiB, 24564 MiB, 78 %
2026/10/04 19:58:15.549, 22313 MiB, 24564 MiB, 79 %
2026/10/04 19:58:16.549, 22313 MiB, 24564 MiB, 81 %
2026/10/04 19:58:17.550, 22313 MiB, 24564 MiB, 79 %
2026/10/04 19:58:18.550, 22313 MiB, 24564 MiB, 79 %
2026/10/04 19:58:19.550, 22313 MiB, 24564 MiB, 80 %
2026/10/04 19:58:20.550, 22313 MiB, 24564 MiB, 82 %
2026/10/04 19:58:21.550, 22313 MiB, 24564 MiB, 80 %
2026/10/04 19:58:22.551, 22313 MiB, 24564 MiB, 80 %
2026/10/04 19:58:23.551, 22313 MiB, 24564 MiB, 78 %
2026/10/04 19:58:24.551, 22313 MiB, 24564 MiB, 80 %
2026/10/04 19:58:25.551, 22313 MiB, 24564 MiB, 77 %
2026/10/04 19:58:26.551, 22313 MiB, 24564 MiB, 80 %
2026/10/04 19:58:27.551, 22313 MiB, 24564 MiB, 80 %
2026/10/04 19:58:28.552, 22313 MiB, 24564 MiB, 81 %
2026/10/04 19:58:29.552, 22313 MiB, 24564 MiB, 80 %
2026/10/04 19:58:30.552, 22313 MiB, 24564 MiB, 78 %
2026/10/04 19:58:31.552, 22313 MiB, 24564 MiB, 80 %
2026/10/04 19:58:32.552, 22313 MiB, 24564 MiB, 80 %
2026/10/04 19:58:33.553, 22313 MiB, 24564 MiB, 0 %
2026/10/04 19:58:34.553, 22313 MiB, 24564 MiB, 0 %
2026/10/04 19:58:35.553, 22313 MiB, 24564 MiB, 0 %
2026/10/04 19:58:36.553, 22313 MiB, 24564 MiB, 0 %
2026/10/04 19:58:37.553, 22313 MiB, 24564 MiB, 0 %
2026/10/04 19:58:38.553, 22313 MiB, 24564 MiB, 0 %
2026/10/04 19:58:39.553, 22313 MiB, 24564 MiB, 0 %
2026/10/04 19:58:40.554, 22317 MiB, 24564 MiB, 38 %
2026/10/04 19:58:41.554, 22317 MiB, 24564 MiB, 38 %
2026/10/04 19:58:42.554, 22317 MiB, 24564 MiB, 38 %
2026/10/04 19:58:43.554, 22373 MiB, 24564 MiB, 7 %
2026/10/04 19:58:44.554, 22373 MiB, 24564 MiB, 77 %
2026/10/04 19:58:45.554, 22373 MiB, 24564 MiB, 74 %
2026/10/04 19:58:46.555, 22373 MiB, 24564 MiB, 75 %
2026/10/04 19:58:47.555, 22373 MiB, 24564 MiB, 83 %
2026/10/04 19:58:48.555, 22373 MiB, 24564 MiB, 78 %
2026/10/04 19:58:49.555, 22373 MiB, 24564 MiB, 79 %
2026/10/04 19:58:50.555, 22373 MiB, 24564 MiB, 85 %
2026/10/04 19:58:51.555, 22373 MiB, 24564 MiB, 83 %
2026/10/04 19:58:52.556, 22373 MiB, 24564 MiB, 85 %
2026/10/04 19:58:53.556, 22373 MiB, 24564 MiB, 84 %
2026/10/04 19:58:54.556, 22373 MiB, 24564 MiB, 82 %
2026/10/04 19:58:55.556, 22373 MiB, 24564 MiB, 83 %
2026/10/04 19:58:56.556, 22373 MiB, 24564 MiB, 84 %
2026/10/04 19:58:57.557, 22373 MiB, 24564 MiB, 85 %
2026/10/04 19:58:58.557, 22373 MiB, 24564 MiB, 85 %
2026/10/04 19:58:59.557, 22373 MiB, 24564 MiB, 83 %
2026/10/04 19:59:00.557, 23033 MiB, 24564 MiB, 80 %
2026/10/04 19:59:01.557, 23033 MiB, 24564 MiB, 80 %
2026/10/04 19:59:02.558, 23033 MiB, 24564 MiB, 84 %
2026/10/04 19:59:03.558, 23033 MiB, 24564 MiB, 83 %
2026/10/04 19:59:04.558, 23033 MiB, 24564 MiB, 86 %
2026/10/04 19:59:05.558, 23033 MiB, 24564 MiB, 87 %
2026/10/04 19:59:06.558, 23033 MiB, 24564 MiB, 86 %
2026/10/04 19:59:07.558, 23033 MiB, 24564 MiB, 86 %
2026/10/04 19:59:08.558, 23033 MiB, 24564 MiB, 84 %
2026/10/04 19:59:09.559, 23033 MiB, 24564 MiB, 82 %
2026/10/04 19:59:10.559, 23033 MiB, 24564 MiB, 99 %
2026/10/04 19:59:11.559, 23033 MiB, 24564 MiB, 82 %
2026/10/04 19:59:12.559, 23033 MiB, 24564 MiB, 81 %
2026/10/04 19:59:13.559, 23033 MiB, 24564 MiB, 84 %
2026/10/04 19:59:14.559, 23033 MiB, 24564 MiB, 81 %
2026/10/04 19:59:15.560, 23033 MiB, 24564 MiB, 85 %
2026/10/04 19:59:16.560, 23033 MiB, 24564 MiB, 86 %
2026/10/04 19:59:17.560, 23033 MiB, 24564 MiB, 87 %
2026/10/04 19:59:18.560, 23033 MiB, 24564 MiB, 85 %
2026/10/04 19:59:19.560, 23033 MiB, 24564 MiB, 99 %
2026/10/04 19:59:20.561, 23033 MiB, 24564 MiB, 82 %
2026/10/04 19:59:21.561, 23033 MiB, 24564 MiB, 79 %
2026/10/04 19:59:22.561, 23033 MiB, 24564 MiB, 75 %
2026/10/04 19:59:23.561, 23033 MiB, 24564 MiB, 83 %
2026/10/04 19:59:24.561, 23033 MiB, 24564 MiB, 81 %
2026/10/04 19:59:25.562, 23033 MiB, 24564 MiB, 83 %
2026/10/04 19:59:26.562, 23033 MiB, 24564 MiB, 82 %
2026/10/04 19:59:27.562, 23033 MiB, 24564 MiB, 83 %
2026/10/04 19:59:28.562, 23033 MiB, 24564 MiB, 66 %
2026/10/04 19:59:29.562, 23033 MiB, 24564 MiB, 87 %
2026/10/04 19:59:30.562, 23033 MiB, 24564 MiB, 85 %
2026/10/04 19:59:31.563, 23033 MiB, 24564 MiB, 83 %
2026/10/04 19:59:32.563, 23033 MiB, 24564 MiB, 82 %
2026/10/04 19:59:33.563, 23033 MiB, 24564 MiB, 79 %
2026/10/04 19:59:34.563, 23033 MiB, 24564 MiB, 83 %
2026/10/04 19:59:35.563, 23033 MiB, 24564 MiB, 84 %
2026/10/04 19:59:36.563, 23033 MiB, 24564 MiB, 86 %
2026/10/04 19:59:37.563, 23033 MiB, 24564 MiB, 77 %
2026/10/04 19:59:38.564, 23033 MiB, 24564 MiB, 81 %
2026/10/04 19:59:39.564, 23033 MiB, 24564 MiB, 77 %
2026/10/04 19:59:40.564, 23033 MiB, 24564 MiB, 79 %
2026/10/04 19:59:41.564, 23033 MiB, 24564 MiB, 79 %
2026/10/04 19:59:42.564, 23033 MiB, 24564 MiB, 76 %
2026/10/04 19:59:43.564, 23033 MiB, 24564 MiB, 75 %
2026/10/04 19:59:44.565, 23033 MiB, 24564 MiB, 80 %
2026/10/04 19:59:45.565, 23033 MiB, 24564 MiB, 81 %
2026/10/04 19:59:46.565, 23033 MiB, 24564 MiB, 61 %
2026/10/04 19:59:47.565, 23033 MiB, 24564 MiB, 72 %
2026/10/04 19:59:48.565, 23033 MiB, 24564 MiB, 78 %
2026/10/04 19:59:49.566, 23033 MiB, 24564 MiB, 75 %
2026/10/04 19:59:50.566, 23033 MiB, 24564 MiB, 84 %
2026/10/04 19:59:51.566, 23033 MiB, 24564 MiB, 81 %
2026/10/04 19:59:52.566, 23033 MiB, 24564 MiB, 84 %
2026/10/04 19:59:53.566, 23033 MiB, 24564 MiB, 83 %
2026/10/04 19:59:54.566, 23033 MiB, 24564 MiB, 83 %
2026/10/04 19:59:55.567, 23033 MiB, 24564 MiB, 81 %
2026/10/04 19:59:56.567, 23033 MiB, 24564 MiB, 72 %
2026/10/04 19:59:57.567, 23033 MiB, 24564 MiB, 82 %
2026/10/04 19:59:58.567, 23033 MiB, 24564 MiB, 83 %
2026/10/04 19:59:59.567, 23033 MiB, 24564 MiB, 89 %
2026/10/04 20:00:00.567, 23033 MiB, 24564 MiB, 87 %
2026/10/04 20:00:01.568, 23033 MiB, 24564 MiB, 89 %
2026/10/04 20:00:02.568, 23033 MiB, 24564 MiB, 88 %
2026/10/04 20:00:03.568, 23033 MiB, 24564 MiB, 85 %
2026/10/04 20:00:04.568, 23033 MiB, 24564 MiB, 98 %
2026/10/04 20:00:05.568, 23033 MiB, 24564 MiB, 82 %
2026/10/04 20:00:06.569, 23033 MiB, 24564 MiB, 80 %
2026/10/04 20:00:07.569, 23033 MiB, 24564 MiB, 83 %
2026/10/04 20:00:08.569, 23033 MiB, 24564 MiB, 83 %
2026/10/04 20:00:09.569, 23033 MiB, 24564 MiB, 82 %
2026/10/04 20:00:10.569, 23033 MiB, 24564 MiB, 83 %
2026/10/04 20:00:11.569, 23033 MiB, 24564 MiB, 78 %
2026/10/04 20:00:12.570, 23033 MiB, 24564 MiB, 81 %
2026/10/04 20:00:13.570, 23033 MiB, 24564 MiB, 83 %
2026/10/04 20:00:14.570, 23033 MiB, 24564 MiB, 99 %
2026/10/04 20:00:15.570, 23033 MiB, 24564 MiB, 98 %
2026/10/04 20:00:16.570, 23033 MiB, 24564 MiB, 88 %
2026/10/04 20:00:17.570, 23033 MiB, 24564 MiB, 87 %
2026/10/04 20:00:18.571, 23033 MiB, 24564 MiB, 85 %
2026/10/04 20:00:19.571, 23033 MiB, 24564 MiB, 87 %
2026/10/04 20:00:20.571, 23033 MiB, 24564 MiB, 87 %
2026/10/04 20:00:21.571, 23033 MiB, 24564 MiB, 87 %
2026/10/04 20:00:22.571, 23033 MiB, 24564 MiB, 88 %
2026/10/04 20:00:23.571, 23033 MiB, 24564 MiB, 86 %
2026/10/04 20:00:24.572, 23033 MiB, 24564 MiB, 98 %
2026/10/04 20:00:25.572, 23033 MiB, 24564 MiB, 96 %
2026/10/04 20:00:26.572, 23033 MiB, 24564 MiB, 86 %
2026/10/04 20:00:27.572, 23033 MiB, 24564 MiB, 84 %
2026/10/04 20:00:28.572, 23033 MiB, 24564 MiB, 81 %
2026/10/04 20:00:29.573, 23033 MiB, 24564 MiB, 84 %
2026/10/04 20:00:30.573, 23033 MiB, 24564 MiB, 80 %
2026/10/04 20:00:31.573, 23033 MiB, 24564 MiB, 86 %
2026/10/04 20:00:32.573, 23033 MiB, 24564 MiB, 86 %
2026/10/04 20:00:33.573, 23033 MiB, 24564 MiB, 81 %
2026/10/04 20:00:34.574, 23033 MiB, 24564 MiB, 99 %
2026/10/04 20:00:35.574, 23033 MiB, 24564 MiB, 85 %
2026/10/04 20:00:36.574, 23033 MiB, 24564 MiB, 85 %
2026/10/04 20:00:37.574, 23033 MiB, 24564 MiB, 87 %
2026/10/04 20:00:38.574, 23033 MiB, 24564 MiB, 88 %
2026/10/04 20:00:39.575, 23033 MiB, 24564 MiB, 85 %
2026/10/04 20:00:40.575, 23033 MiB, 24564 MiB, 87 %
2026/10/04 20:00:41.575, 23033 MiB, 24564 MiB, 88 %
2026/10/04 20:00:42.575, 23033 MiB, 24564 MiB, 85 %
2026/10/04 20:00:43.575, 23033 MiB, 24564 MiB, 79 %
2026/10/04 20:00:44.576, 23033 MiB, 24564 MiB, 95 %
2026/10/04 20:00:45.576, 23033 MiB, 24564 MiB, 78 %
2026/10/04 20:00:46.576, 23033 MiB, 24564 MiB, 82 %
2026/10/04 20:00:47.576, 23033 MiB, 24564 MiB, 85 %
2026/10/04 20:00:48.577, 23033 MiB, 24564 MiB, 82 %
2026/10/04 20:00:49.577, 23033 MiB, 24564 MiB, 86 %
2026/10/04 20:00:50.577, 23033 MiB, 24564 MiB, 86 %
2026/10/04 20:00:51.577, 23033 MiB, 24564 MiB, 81 %
2026/10/04 20:00:52.577, 23033 MiB, 24564 MiB, 82 %
2026/10/04 20:00:53.577, 23033 MiB, 24564 MiB, 81 %
2026/10/04 20:00:54.577, 23033 MiB, 24564 MiB, 97 %
2026/10/04 20:00:55.578, 23033 MiB, 24564 MiB, 79 %
2026/10/04 20:00:56.579, 23033 MiB, 24564 MiB, 79 %
2026/10/04 20:00:57.579, 23033 MiB, 24564 MiB, 75 %
2026/10/04 20:00:58.579, 23033 MiB, 24564 MiB, 78 %
2026/10/04 20:00:59.579, 23033 MiB, 24564 MiB, 78 %
2026/10/04 20:01:00.579, 23033 MiB, 24564 MiB, 76 %
2026/10/04 20:01:01.580, 23033 MiB, 24564 MiB, 78 %
2026/10/04 20:01:02.580, 23033 MiB, 24564 MiB, 75 %
2026/10/04 20:01:03.580, 23033 MiB, 24564 MiB, 79 %
2026/10/04 20:01:04.580, 23033 MiB, 24564 MiB, 81 %
2026/10/04 20:01:05.580, 23033 MiB, 24564 MiB, 84 %
2026/10/04 20:01:06.580, 23033 MiB, 24564 MiB, 79 %
2026/10/04 20:01:07.581, 23033 MiB, 24564 MiB, 81 %
2026/10/04 20:01:08.581, 23033 MiB, 24564 MiB, 81 %
2026/10/04 20:01:09.581, 23033 MiB, 24564 MiB, 79 %
2026/10/04 20:01:10.581, 23033 MiB, 24564 MiB, 80 %
2026/10/04 20:01:11.581, 23033 MiB, 24564 MiB, 81 %
2026/10/04 20:01:12.582, 23033 MiB, 24564 MiB, 79 %
2026/10/04 20:01:13.582, 23033 MiB, 24564 MiB, 90 %
2026/10/04 20:01:14.582, 23033 MiB, 24564 MiB, 74 %
2026/10/04 20:01:15.582, 23033 MiB, 24564 MiB, 76 %
2026/10/04 20:01:16.582, 23033 MiB, 24564 MiB, 79 %
2026/10/04 20:01:17.582, 23033 MiB, 24564 MiB, 76 %
2026/10/04 20:01:18.583, 23033 MiB, 24564 MiB, 79 %
2026/10/04 20:01:19.583, 23033 MiB, 24564 MiB, 85 %
2026/10/04 20:01:20.583, 23033 MiB, 24564 MiB, 81 %
2026/10/04 20:01:21.583, 23033 MiB, 24564 MiB, 81 %
2026/10/04 20:01:22.583, 23033 MiB, 24564 MiB, 79 %
2026/10/04 20:01:23.583, 23033 MiB, 24564 MiB, 99 %
2026/10/04 20:01:24.584, 23033 MiB, 24564 MiB, 82 %
2026/10/04 20:01:25.584, 23033 MiB, 24564 MiB, 81 %
2026/10/04 20:01:26.584, 23033 MiB, 24564 MiB, 81 %
2026/10/04 20:01:27.584, 23033 MiB, 24564 MiB, 80 %
2026/10/04 20:01:28.584, 23033 MiB, 24564 MiB, 83 %
2026/10/04 20:01:29.584, 23033 MiB, 24564 MiB, 82 %
2026/10/04 20:01:30.585, 23033 MiB, 24564 MiB, 80 %
2026/10/04 20:01:31.585, 23033 MiB, 24564 MiB, 81 %
2026/10/04 20:01:32.585, 23033 MiB, 24564 MiB, 81 %
2026/10/04 20:01:33.585, 23033 MiB, 24564 MiB, 81 %
2026/10/04 20:01:34.585, 23033 MiB, 24564 MiB, 86 %
2026/10/04 20:01:35.585, 23033 MiB, 24564 MiB, 87 %
2026/10/04 20:01:36.586, 23033 MiB, 24564 MiB, 86 %
2026/10/04 20:01:37.586, 23033 MiB, 24564 MiB, 88 %
2026/10/04 20:01:38.586, 23033 MiB, 24564 MiB, 85 %
2026/10/04 20:01:39.586, 23033 MiB, 24564 MiB, 88 %
2026/10/04 20:01:40.586, 23033 MiB, 24564 MiB, 88 %
2026/10/04 20:01:41.586, 23033 MiB, 24564 MiB, 87 %
2026/10/04 20:01:42.587, 23033 MiB, 24564 MiB, 98 %
2026/10/04 20:01:43.587, 23033 MiB, 24564 MiB, 82 %
2026/10/04 20:01:44.587, 23033 MiB, 24564 MiB, 83 %
2026/10/04 20:01:45.587, 23033 MiB, 24564 MiB, 81 %
2026/10/04 20:01:46.587, 23033 MiB, 24564 MiB, 81 %
2026/10/04 20:01:47.588, 23033 MiB, 24564 MiB, 83 %
2026/10/04 20:01:48.588, 23033 MiB, 24564 MiB, 83 %
2026/10/04 20:01:49.588, 23033 MiB, 24564 MiB, 82 %
2026/10/04 20:01:50.588, 23033 MiB, 24564 MiB, 81 %
2026/10/04 20:01:51.588, 23033 MiB, 24564 MiB, 81 %
2026/10/04 20:01:52.589, 23033 MiB, 24564 MiB, 98 %
2026/10/04 20:01:53.589, 23033 MiB, 24564 MiB, 99 %
2026/10/04 20:01:54.589, 23033 MiB, 24564 MiB, 83 %
2026/10/04 20:01:55.589, 23033 MiB, 24564 MiB, 81 %
2026/10/04 20:01:56.589, 23033 MiB, 24564 MiB, 84 %
2026/10/04 20:01:57.589, 23033 MiB, 24564 MiB, 84 %
2026/10/04 20:01:58.590, 23033 MiB, 24564 MiB, 83 %
2026/10/04 20:01:59.590, 23033 MiB, 24564 MiB, 83 %
2026/10/04 20:02:00.590, 23033 MiB, 24564 MiB, 82 %
2026/10/04 20:02:01.590, 23033 MiB, 24564 MiB, 82 %
2026/10/04 20:02:02.590, 23033 MiB, 24564 MiB, 81 %
2026/10/04 20:02:03.591, 23033 MiB, 24564 MiB, 83 %
2026/10/04 20:02:04.591, 23033 MiB, 24564 MiB, 76 %
2026/10/04 20:02:05.591, 23033 MiB, 24564 MiB, 77 %
2026/10/04 20:02:06.591, 23033 MiB, 24564 MiB, 76 %
2026/10/04 20:02:07.591, 23033 MiB, 24564 MiB, 77 %
2026/10/04 20:02:08.591, 23033 MiB, 24564 MiB, 78 %
2026/10/04 20:02:09.592, 23033 MiB, 24564 MiB, 76 %
2026/10/04 20:02:10.592, 23033 MiB, 24564 MiB, 77 %
2026/10/04 20:02:11.592, 23033 MiB, 24564 MiB, 81 %
2026/10/04 20:02:12.592, 23033 MiB, 24564 MiB, 94 %
2026/10/04 20:02:13.592, 23033 MiB, 24564 MiB, 73 %
2026/10/04 20:02:14.592, 23033 MiB, 24564 MiB, 81 %
2026/10/04 20:02:15.592, 23033 MiB, 24564 MiB, 81 %
2026/10/04 20:02:16.593, 23033 MiB, 24564 MiB, 82 %
2026/10/04 20:02:17.593, 23033 MiB, 24564 MiB, 81 %
2026/10/04 20:02:18.593, 23033 MiB, 24564 MiB, 81 %
2026/10/04 20:02:19.593, 23033 MiB, 24564 MiB, 81 %
2026/10/04 20:02:20.593, 23033 MiB, 24564 MiB, 79 %
2026/10/04 20:02:21.594, 23033 MiB, 24564 MiB, 81 %
2026/10/04 20:02:22.594, 23033 MiB, 24564 MiB, 98 %
2026/10/04 20:02:23.594, 23033 MiB, 24564 MiB, 85 %
2026/10/04 20:02:24.594, 23033 MiB, 24564 MiB, 84 %
2026/10/04 20:02:25.594, 23033 MiB, 24564 MiB, 82 %
2026/10/04 20:02:26.594, 23033 MiB, 24564 MiB, 80 %
2026/10/04 20:02:27.595, 23033 MiB, 24564 MiB, 77 %
2026/10/04 20:02:28.595, 23033 MiB, 24564 MiB, 76 %
2026/10/04 20:02:29.595, 23033 MiB, 24564 MiB, 74 %
2026/10/04 20:02:30.595, 23033 MiB, 24564 MiB, 77 %
2026/10/04 20:02:31.595, 23033 MiB, 24564 MiB, 97 %
2026/10/04 20:02:32.595, 23033 MiB, 24564 MiB, 99 %
2026/10/04 20:02:33.595, 23033 MiB, 24564 MiB, 78 %
2026/10/04 20:02:34.596, 23033 MiB, 24564 MiB, 77 %
2026/10/04 20:02:35.596, 23033 MiB, 24564 MiB, 78 %
2026/10/04 20:02:36.596, 23033 MiB, 24564 MiB, 78 %
2026/10/04 20:02:37.596, 23033 MiB, 24564 MiB, 76 %
2026/10/04 20:02:38.596, 23033 MiB, 24564 MiB, 80 %
2026/10/04 20:02:39.596, 23033 MiB, 24564 MiB, 81 %
2026/10/04 20:02:40.597, 23033 MiB, 24564 MiB, 81 %
2026/10/04 20:02:41.597, 23033 MiB, 24564 MiB, 81 %
2026/10/04 20:02:42.597, 23033 MiB, 24564 MiB, 81 %
2026/10/04 20:02:43.597, 23033 MiB, 24564 MiB, 73 %
2026/10/04 20:02:44.597, 23033 MiB, 24564 MiB, 83 %
2026/10/04 20:02:45.597, 23033 MiB, 24564 MiB, 82 %
2026/10/04 20:02:46.598, 23033 MiB, 24564 MiB, 82 %
2026/10/04 20:02:47.598, 23033 MiB, 24564 MiB, 77 %
2026/10/04 20:02:48.598, 23033 MiB, 24564 MiB, 76 %
2026/10/04 20:02:49.598, 23033 MiB, 24564 MiB, 76 %
2026/10/04 20:02:50.598, 23033 MiB, 24564 MiB, 78 %
2026/10/04 20:02:51.599, 23033 MiB, 24564 MiB, 82 %
2026/10/04 20:02:52.599, 23033 MiB, 24564 MiB, 77 %
2026/10/04 20:02:53.599, 23033 MiB, 24564 MiB, 77 %
2026/10/04 20:02:54.599, 23033 MiB, 24564 MiB, 77 %
2026/10/04 20:02:55.599, 23033 MiB, 24564 MiB, 77 %
2026/10/04 20:02:56.599, 23033 MiB, 24564 MiB, 77 %
2026/10/04 20:02:57.600, 23033 MiB, 24564 MiB, 76 %
2026/10/04 20:02:58.600, 23033 MiB, 24564 MiB, 69 %
2026/10/04 20:02:59.600, 23033 MiB, 24564 MiB, 78 %
2026/10/04 20:03:00.600, 23033 MiB, 24564 MiB, 82 %
2026/10/04 20:03:01.600, 23033 MiB, 24564 MiB, 98 %
2026/10/04 20:03:02.600, 23033 MiB, 24564 MiB, 77 %
2026/10/04 20:03:03.601, 23033 MiB, 24564 MiB, 76 %
2026/10/04 20:03:04.601, 23033 MiB, 24564 MiB, 79 %
2026/10/04 20:03:05.601, 23033 MiB, 24564 MiB, 76 %
2026/10/04 20:03:06.601, 23033 MiB, 24564 MiB, 78 %
2026/10/04 20:03:07.601, 23033 MiB, 24564 MiB, 75 %
2026/10/04 20:03:08.601, 23033 MiB, 24564 MiB, 76 %
2026/10/04 20:03:09.602, 23033 MiB, 24564 MiB, 80 %
2026/10/04 20:03:10.602, 23033 MiB, 24564 MiB, 82 %
2026/10/04 20:03:11.602, 23033 MiB, 24564 MiB, 98 %
2026/10/04 20:03:12.602, 23033 MiB, 24564 MiB, 80 %
2026/10/04 20:03:13.602, 23033 MiB, 24564 MiB, 83 %
2026/10/04 20:03:14.603, 23033 MiB, 24564 MiB, 84 %
2026/10/04 20:03:15.603, 23033 MiB, 24564 MiB, 85 %
2026/10/04 20:03:16.603, 23033 MiB, 24564 MiB, 83 %
2026/10/04 20:03:17.603, 23033 MiB, 24564 MiB, 81 %
2026/10/04 20:03:18.603, 23033 MiB, 24564 MiB, 80 %
2026/10/04 20:03:19.603, 23033 MiB, 24564 MiB, 84 %
2026/10/04 20:03:20.604, 23033 MiB, 24564 MiB, 98 %
2026/10/04 20:03:21.604, 23033 MiB, 24564 MiB, 79 %
2026/10/04 20:03:22.604, 23033 MiB, 24564 MiB, 80 %
2026/10/04 20:03:23.604, 23033 MiB, 24564 MiB, 84 %
2026/10/04 20:03:24.604, 23033 MiB, 24564 MiB, 82 %
2026/10/04 20:03:25.605, 23033 MiB, 24564 MiB, 83 %
2026/10/04 20:03:26.605, 23033 MiB, 24564 MiB, 83 %
2026/10/04 20:03:27.605, 23033 MiB, 24564 MiB, 82 %
2026/10/04 20:03:28.605, 23033 MiB, 24564 MiB, 83 %
2026/10/04 20:03:29.605, 23033 MiB, 24564 MiB, 77 %
2026/10/04 20:03:30.606, 23033 MiB, 24564 MiB, 97 %
2026/10/04 20:03:31.606, 23033 MiB, 24564 MiB, 98 %
2026/10/04 20:03:32.606, 23033 MiB, 24564 MiB, 81 %
2026/10/04 20:03:33.606, 23033 MiB, 24564 MiB, 72 %
2026/10/04 20:03:34.606, 23033 MiB, 24564 MiB, 83 %
2026/10/04 20:03:35.607, 23033 MiB, 24564 MiB, 82 %
2026/10/04 20:03:36.607, 23033 MiB, 24564 MiB, 82 %
2026/10/04 20:03:37.607, 23033 MiB, 24564 MiB, 82 %
2026/10/04 20:03:38.607, 23033 MiB, 24564 MiB, 81 %
2026/10/04 20:03:39.607, 23033 MiB, 24564 MiB, 80 %
2026/10/04 20:03:40.608, 23033 MiB, 24564 MiB, 98 %
2026/10/04 20:03:41.608, 23033 MiB, 24564 MiB, 99 %
2026/10/04 20:03:42.608, 23033 MiB, 24564 MiB, 76 %
2026/10/04 20:03:43.608, 23033 MiB, 24564 MiB, 81 %
2026/10/04 20:03:44.608, 23033 MiB, 24564 MiB, 83 %
2026/10/04 20:03:45.609, 23033 MiB, 24564 MiB, 84 %
2026/10/04 20:03:46.609, 23033 MiB, 24564 MiB, 82 %
2026/10/04 20:03:47.609, 23033 MiB, 24564 MiB, 80 %
2026/10/04 20:03:48.609, 23033 MiB, 24564 MiB, 77 %
2026/10/04 20:03:49.609, 23033 MiB, 24564 MiB, 77 %
2026/10/04 20:03:50.609, 23033 MiB, 24564 MiB, 81 %
2026/10/04 20:03:51.610, 23033 MiB, 24564 MiB, 75 %
2026/10/04 20:03:52.610, 23033 MiB, 24564 MiB, 76 %
2026/10/04 20:03:53.610, 23033 MiB, 24564 MiB, 77 %
2026/10/04 20:03:54.610, 23033 MiB, 24564 MiB, 79 %
2026/10/04 20:03:55.610, 23033 MiB, 24564 MiB, 82 %
2026/10/04 20:03:56.611, 23033 MiB, 24564 MiB, 81 %
2026/10/04 20:03:57.611, 23033 MiB, 24564 MiB, 82 %
2026/10/04 20:03:58.611, 23033 MiB, 24564 MiB, 84 %
2026/10/04 20:03:59.611, 23033 MiB, 24564 MiB, 93 %
2026/10/04 20:04:00.611, 23033 MiB, 24564 MiB, 98 %
2026/10/04 20:04:01.611, 23033 MiB, 24564 MiB, 82 %
2026/10/04 20:04:02.612, 23033 MiB, 24564 MiB, 87 %
2026/10/04 20:04:03.612, 23033 MiB, 24564 MiB, 81 %
2026/10/04 20:04:04.612, 23033 MiB, 24564 MiB, 80 %
2026/10/04 20:04:05.612, 23033 MiB, 24564 MiB, 80 %
2026/10/04 20:04:06.612, 23033 MiB, 24564 MiB, 77 %
2026/10/04 20:04:07.612, 23033 MiB, 24564 MiB, 74 %
2026/10/04 20:04:08.612, 23033 MiB, 24564 MiB, 78 %
2026/10/04 20:04:09.613, 23033 MiB, 24564 MiB, 79 %
2026/10/04 20:04:10.613, 23033 MiB, 24564 MiB, 91 %
2026/10/04 20:04:11.613, 23033 MiB, 24564 MiB, 75 %
2026/10/04 20:04:12.613, 23033 MiB, 24564 MiB, 76 %
2026/10/04 20:04:13.613, 23033 MiB, 24564 MiB, 79 %
2026/10/04 20:04:14.614, 23033 MiB, 24564 MiB, 79 %
2026/10/04 20:04:15.614, 23033 MiB, 24564 MiB, 75 %
2026/10/04 20:04:16.614, 23033 MiB, 24564 MiB, 77 %
2026/10/04 20:04:17.614, 23033 MiB, 24564 MiB, 75 %
2026/10/04 20:04:18.614, 23033 MiB, 24564 MiB, 75 %
2026/10/04 20:04:19.614, 23033 MiB, 24564 MiB, 76 %
2026/10/04 20:04:20.615, 23033 MiB, 24564 MiB, 98 %
2026/10/04 20:04:21.615, 23033 MiB, 24564 MiB, 75 %
2026/10/04 20:04:22.615, 23033 MiB, 24564 MiB, 78 %
2026/10/04 20:04:23.615, 23033 MiB, 24564 MiB, 78 %
2026/10/04 20:04:24.615, 23033 MiB, 24564 MiB, 76 %
2026/10/04 20:04:25.615, 23033 MiB, 24564 MiB, 77 %
2026/10/04 20:04:26.616, 23033 MiB, 24564 MiB, 78 %
2026/10/04 20:04:27.616, 23033 MiB, 24564 MiB, 80 %
2026/10/04 20:04:28.616, 23033 MiB, 24564 MiB, 83 %
2026/10/04 20:04:29.616, 23033 MiB, 24564 MiB, 81 %
2026/10/04 20:04:30.616, 23033 MiB, 24564 MiB, 81 %
2026/10/04 20:04:31.616, 23033 MiB, 24564 MiB, 82 %
2026/10/04 20:04:32.617, 23033 MiB, 24564 MiB, 83 %
2026/10/04 20:04:33.617, 23033 MiB, 24564 MiB, 80 %
2026/10/04 20:04:34.617, 23033 MiB, 24564 MiB, 82 %
2026/10/04 20:04:35.617, 23033 MiB, 24564 MiB, 80 %
2026/10/04 20:04:36.617, 23033 MiB, 24564 MiB, 83 %
2026/10/04 20:04:37.617, 23033 MiB, 24564 MiB, 87 %
2026/10/04 20:04:38.618, 23033 MiB, 24564 MiB, 85 %
2026/10/04 20:04:39.618, 23033 MiB, 24564 MiB, 98 %
2026/10/04 20:04:40.618, 23033 MiB, 24564 MiB, 89 %
2026/10/04 20:04:41.618, 23033 MiB, 24564 MiB, 87 %
2026/10/04 20:04:42.618, 23033 MiB, 24564 MiB, 86 %
2026/10/04 20:04:43.619, 23033 MiB, 24564 MiB, 86 %
2026/10/04 20:04:44.619, 23033 MiB, 24564 MiB, 86 %
2026/10/04 20:04:45.619, 23033 MiB, 24564 MiB, 85 %
2026/10/04 20:04:46.619, 23033 MiB, 24564 MiB, 85 %
2026/10/04 20:04:47.619, 23033 MiB, 24564 MiB, 87 %
2026/10/04 20:04:48.620, 23033 MiB, 24564 MiB, 78 %
2026/10/04 20:04:49.620, 23033 MiB, 24564 MiB, 83 %
2026/10/04 20:04:50.620, 23033 MiB, 24564 MiB, 85 %
2026/10/04 20:04:51.620, 23033 MiB, 24564 MiB, 86 %
2026/10/04 20:04:52.620, 23033 MiB, 24564 MiB, 86 %
2026/10/04 20:04:53.621, 23033 MiB, 24564 MiB, 85 %
2026/10/04 20:04:54.621, 23033 MiB, 24564 MiB, 85 %
2026/10/04 20:04:55.621, 23033 MiB, 24564 MiB, 87 %
2026/10/04 20:04:56.621, 23033 MiB, 24564 MiB, 87 %
2026/10/04 20:04:57.622, 23033 MiB, 24564 MiB, 86 %
2026/10/04 20:04:58.622, 23033 MiB, 24564 MiB, 95 %
2026/10/04 20:04:59.622, 23033 MiB, 24564 MiB, 80 %
2026/10/04 20:05:00.622, 23033 MiB, 24564 MiB, 0 %
2026/10/04 20:05:01.622, 23033 MiB, 24564 MiB, 80 %
2026/10/04 20:05:02.622, 23033 MiB, 24564 MiB, 83 %
2026/10/04 20:05:03.622, 23033 MiB, 24564 MiB, 76 %
2026/10/04 20:05:04.623, 23033 MiB, 24564 MiB, 78 %
2026/10/04 20:05:05.623, 23033 MiB, 24564 MiB, 77 %
2026/10/04 20:05:06.623, 23033 MiB, 24564 MiB, 78 %
2026/10/04 20:05:07.623, 23033 MiB, 24564 MiB, 84 %
2026/10/04 20:05:08.623, 23033 MiB, 24564 MiB, 94 %
2026/10/04 20:05:09.624, 23033 MiB, 24564 MiB, 97 %
2026/10/04 20:05:10.624, 23033 MiB, 24564 MiB, 82 %
2026/10/04 20:05:11.624, 23033 MiB, 24564 MiB, 81 %
2026/10/04 20:05:12.624, 23033 MiB, 24564 MiB, 78 %
2026/10/04 20:05:13.624, 23033 MiB, 24564 MiB, 82 %
2026/10/04 20:05:14.625, 23033 MiB, 24564 MiB, 85 %
2026/10/04 20:05:15.625, 23033 MiB, 24564 MiB, 85 %
2026/10/04 20:05:16.625, 23033 MiB, 24564 MiB, 84 %
2026/10/04 20:05:17.625, 23033 MiB, 24564 MiB, 86 %
2026/10/04 20:05:18.625, 23033 MiB, 24564 MiB, 80 %
2026/10/04 20:05:19.626, 23033 MiB, 24564 MiB, 82 %
2026/10/04 20:05:20.626, 23033 MiB, 24564 MiB, 86 %
2026/10/04 20:05:21.626, 23033 MiB, 24564 MiB, 81 %
2026/10/04 20:05:22.626, 23033 MiB, 24564 MiB, 85 %
2026/10/04 20:05:23.626, 23033 MiB, 24564 MiB, 85 %
2026/10/04 20:05:24.626, 23033 MiB, 24564 MiB, 80 %
2026/10/04 20:05:25.626, 23033 MiB, 24564 MiB, 83 %
2026/10/04 20:05:26.627, 23033 MiB, 24564 MiB, 83 %
2026/10/04 20:05:27.627, 23033 MiB, 24564 MiB, 80 %
2026/10/04 20:05:28.627, 23033 MiB, 24564 MiB, 82 %
2026/10/04 20:05:29.627, 23033 MiB, 24564 MiB, 87 %
2026/10/04 20:05:30.627, 23033 MiB, 24564 MiB, 82 %
2026/10/04 20:05:31.628, 23033 MiB, 24564 MiB, 82 %
2026/10/04 20:05:32.628, 23033 MiB, 24564 MiB, 83 %
2026/10/04 20:05:33.628, 23033 MiB, 24564 MiB, 81 %
2026/10/04 20:05:34.628, 23033 MiB, 24564 MiB, 77 %
2026/10/04 20:05:35.628, 23033 MiB, 24564 MiB, 80 %
2026/10/04 20:05:36.628, 23033 MiB, 24564 MiB, 76 %
2026/10/04 20:05:37.629, 23033 MiB, 24564 MiB, 84 %
2026/10/04 20:05:38.629, 23033 MiB, 24564 MiB, 98 %
2026/10/04 20:05:39.629, 23033 MiB, 24564 MiB, 72 %
2026/10/04 20:05:40.629, 23033 MiB, 24564 MiB, 76 %
2026/10/04 20:05:41.629, 23033 MiB, 24564 MiB, 77 %
2026/10/04 20:05:42.629, 23033 MiB, 24564 MiB, 75 %
2026/10/04 20:05:43.630, 23033 MiB, 24564 MiB, 78 %
2026/10/04 20:05:44.630, 23033 MiB, 24564 MiB, 78 %
2026/10/04 20:05:45.630, 23033 MiB, 24564 MiB, 77 %
2026/10/04 20:05:46.630, 23033 MiB, 24564 MiB, 78 %
2026/10/04 20:05:47.631, 23033 MiB, 24564 MiB, 82 %
2026/10/04 20:05:48.631, 23033 MiB, 24564 MiB, 85 %
2026/10/04 20:05:49.631, 23033 MiB, 24564 MiB, 83 %
2026/10/04 20:05:50.631, 23033 MiB, 24564 MiB, 82 %
2026/10/04 20:05:51.631, 23033 MiB, 24564 MiB, 81 %
2026/10/04 20:05:52.631, 23033 MiB, 24564 MiB, 83 %
2026/10/04 20:05:53.632, 23033 MiB, 24564 MiB, 81 %
2026/10/04 20:05:54.632, 23033 MiB, 24564 MiB, 78 %
2026/10/04 20:05:55.632, 23033 MiB, 24564 MiB, 82 %
2026/10/04 20:05:56.632, 23033 MiB, 24564 MiB, 85 %
2026/10/04 20:05:57.632, 23133 MiB, 24564 MiB, 97 %
2026/10/04 20:05:58.633, 23133 MiB, 24564 MiB, 99 %
2026/10/04 20:05:59.633, 23133 MiB, 24564 MiB, 83 %
2026/10/04 20:06:00.633, 23133 MiB, 24564 MiB, 83 %
2026/10/04 20:06:01.633, 23133 MiB, 24564 MiB, 84 %
2026/10/04 20:06:02.633, 23133 MiB, 24564 MiB, 83 %
2026/10/04 20:06:03.634, 23133 MiB, 24564 MiB, 79 %
2026/10/04 20:06:04.634, 23133 MiB, 24564 MiB, 67 %
2026/10/04 20:06:05.634, 23133 MiB, 24564 MiB, 81 %
2026/10/04 20:06:06.634, 23133 MiB, 24564 MiB, 83 %
2026/10/04 20:06:07.634, 23133 MiB, 24564 MiB, 91 %
2026/10/04 20:06:08.634, 23133 MiB, 24564 MiB, 78 %
2026/10/04 20:06:09.635, 23133 MiB, 24564 MiB, 77 %
2026/10/04 20:06:10.635, 23133 MiB, 24564 MiB, 76 %
2026/10/04 20:06:11.635, 23133 MiB, 24564 MiB, 77 %
2026/10/04 20:06:12.635, 23133 MiB, 24564 MiB, 76 %
2026/10/04 20:06:13.635, 23133 MiB, 24564 MiB, 75 %
2026/10/04 20:06:14.635, 23133 MiB, 24564 MiB, 76 %
2026/10/04 20:06:15.635, 23133 MiB, 24564 MiB, 77 %
2026/10/04 20:06:16.636, 23133 MiB, 24564 MiB, 83 %
2026/10/04 20:06:17.636, 23133 MiB, 24564 MiB, 93 %
2026/10/04 20:06:18.636, 23133 MiB, 24564 MiB, 84 %
2026/10/04 20:06:19.636, 23133 MiB, 24564 MiB, 84 %
2026/10/04 20:06:20.636, 23133 MiB, 24564 MiB, 84 %
2026/10/04 20:06:21.636, 23133 MiB, 24564 MiB, 83 %
2026/10/04 20:06:22.637, 23133 MiB, 24564 MiB, 82 %
2026/10/04 20:06:23.637, 23133 MiB, 24564 MiB, 83 %
2026/10/04 20:06:24.637, 23133 MiB, 24564 MiB, 87 %
2026/10/04 20:06:25.637, 23133 MiB, 24564 MiB, 88 %
2026/10/04 20:06:26.638, 23133 MiB, 24564 MiB, 98 %
2026/10/04 20:06:27.638, 23133 MiB, 24564 MiB, 98 %
2026/10/04 20:06:28.638, 23133 MiB, 24564 MiB, 87 %
2026/10/04 20:06:29.638, 23133 MiB, 24564 MiB, 85 %
2026/10/04 20:06:30.638, 23133 MiB, 24564 MiB, 85 %
2026/10/04 20:06:31.638, 23133 MiB, 24564 MiB, 83 %
2026/10/04 20:06:32.638, 23133 MiB, 24564 MiB, 83 %
2026/10/04 20:06:33.639, 23133 MiB, 24564 MiB, 84 %
2026/10/04 20:06:34.639, 23133 MiB, 24564 MiB, 81 %
2026/10/04 20:06:35.639, 23133 MiB, 24564 MiB, 84 %
2026/10/04 20:06:36.639, 23133 MiB, 24564 MiB, 86 %
2026/10/04 20:06:37.639, 23133 MiB, 24564 MiB, 7 %
2026/10/04 20:06:38.639, 23133 MiB, 24564 MiB, 6 %
2026/10/04 20:06:39.641, 19592 MiB, 24564 MiB, 24 %
2026/10/04 20:06:40.643, 17 MiB, 24564 MiB, 100 %
2026/10/04 20:06:41.643, 17 MiB, 24564 MiB, 0 %
2026/10/04 20:06:42.644, 17 MiB, 24564 MiB, 0 %
2026/10/04 20:06:43.644, 17 MiB, 24564 MiB, 0 %
2026/10/04 20:06:44.644, 17 MiB, 24564 MiB, 0 %
2026/10/04 20:06:45.644, 17 MiB, 24564 MiB, 0 %
2026/10/04 20:06:46.645, 17 MiB, 24564 MiB, 0 %
2026/10/04 20:06:47.645, 17 MiB, 24564 MiB, 0 %
2026/10/04 20:06:48.645, 17 MiB, 24564 MiB, 0 %
2026/10/04 20:06:49.645, 17 MiB, 24564 MiB, 0 %
2026/10/04 20:06:50.645, 17 MiB, 24564 MiB, 0 %
2026/10/04 20:06:51.646, 17 MiB, 24564 MiB, 0 %
2026/10/04 20:06:52.646, 17 MiB, 24564 MiB, 0 %
2026/10/04 20:06:53.646, 17 MiB, 24564 MiB, 0 %
2026/10/04 20:06:54.646, 17 MiB, 24564 MiB, 0 %
2026/10/04 20:06:55.647, 17 MiB, 24564 MiB, 0 %
2026/10/04 20:06:56.647, 17 MiB, 24564 MiB, 0 %
2026/10/04 20:06:57.647, 17 MiB, 24564 MiB, 0 %
2026/10/04 20:06:58.647, 17 MiB, 24564 MiB, 0 %
2026/10/04 20:06:59.647, 17 MiB, 24564 MiB, 0 %
2026/10/04 20:07:00.648, 17 MiB, 24564 MiB, 0 %
2026/10/04 20:07:01.648, 17 MiB, 24564 MiB, 0 %
2026/10/04 20:07:02.648, 17 MiB, 24564 MiB, 0 %
2026/10/04 20:07:03.648, 17 MiB, 24564 MiB, 0 %
2026/10/04 20:07:04.648, 17 MiB, 24564 MiB, 0 %
2026/10/04 20:07:05.648, 17 MiB, 24564 MiB, 0 %
2026/10/04 20:07:06.649, 17 MiB, 24564 MiB, 0 %
2026/10/04 20:07:07.649, 17 MiB, 24564 MiB, 0 %
2026/10/04 20:07:08.649, 17 MiB, 24564 MiB, 0 %
2026/10/04 20:07:09.649, 17 MiB, 24564 MiB, 0 %
2026/10/04 20:07:10.650, 17 MiB, 24564 MiB, 0 %
2026/10/04 20:07:11.650, 17 MiB, 24564 MiB, 0 %
2026/10/04 20:07:12.650, 17 MiB, 24564 MiB, 0 %
2026/10/04 20:07:13.650, 17 MiB, 24564 MiB, 0 %
2026/10/04 20:07:14.650, 17 MiB, 24564 MiB, 0 %
2026/10/04 20:07:15.651, 17 MiB, 24564 MiB, 0 %
2026/10/04 20:07:16.651, 17 MiB, 24564 MiB, 0 %
2026/10/04 20:07:17.651, 17 MiB, 24564 MiB, 0 %
2026/10/04 20:07:18.651, 17 MiB, 24564 MiB, 0 %
2026/10/04 20:07:19.652, 17 MiB, 24564 MiB, 0 %
2026/10/04 20:07:20.652, 17 MiB, 24564 MiB, 0 %
2026/10/04 20:07:21.652, 17 MiB, 24564 MiB, 0 %
2026/10/04 20:07:22.652, 17 MiB, 24564 MiB, 0 %
2026/10/04 20:07:23.652, 17 MiB, 24564 MiB, 0 %
2026/10/04 20:07:24.653, 17 MiB, 24564 MiB, 0 %
2026/10/04 20:07:25.653, 17 MiB, 24564 MiB, 1 %
2026/10/04 20:07:26.653, 17 MiB, 24564 MiB, 0 %
2026/10/04 20:07:27.653, 17 MiB, 24564 MiB, 0 %
2026/10/04 20:07:28.654, 17 MiB, 24564 MiB, 0 %
2026/10/04 20:07:29.654, 17 MiB, 24564 MiB, 0 %
2026/10/04 20:07:30.654, 17 MiB, 24564 MiB, 0 %
2026/10/04 20:07:31.654, 17 MiB, 24564 MiB, 0 %
2026/10/04 20:07:32.654, 17 MiB, 24564 MiB, 0 %
2026/10/04 20:07:33.654, 17 MiB, 24564 MiB, 0 %
2026/10/04 20:07:34.655, 17 MiB, 24564 MiB, 0 %
2026/10/04 20:07:35.655, 17 MiB, 24564 MiB, 0 %
2026/10/04 20:07:36.655, 17 MiB, 24564 MiB, 0 %
2026/10/04 20:07:37.655, 17 MiB, 24564 MiB, 0 %
2026/10/04 20:07:38.656, 17 MiB, 24564 MiB, 0 %
2026/10/04 20:07:39.656, 17 MiB, 24564 MiB, 0 %
2026/10/04 20:07:40.656, 17 MiB, 24564 MiB, 0 %
2026/10/04 20:07:41.656, 17 MiB, 24564 MiB, 0 %
2026/10/04 20:07:42.656, 17 MiB, 24564 MiB, 0 %
2026/10/04 20:07:43.657, 17 MiB, 24564 MiB, 0 %
2026/10/04 20:07:44.657, 17 MiB, 24564 MiB, 0 %
2026/10/04 20:07:45.657, 17 MiB, 24564 MiB, 0 %
2026/10/04 20:07:46.657, 17 MiB, 24564 MiB, 0 %
2026/10/04 20:07:47.658, 17 MiB, 24564 MiB, 0 %
2026/10/04 20:07:48.658, 17 MiB, 24564 MiB, 0 %
2026/10/04 20:07:49.658, 17 MiB, 24564 MiB, 0 %
